{
  "configVersion": 1,
  "timestamp": 1566340133348,
  "index": "/index.html",
  "assetGroups": [
    {
      "name": "app",
      "installMode": "prefetch",
      "updateMode": "prefetch",
      "urls": [
        "/13.830598f875d1b05f7652.js",
        "/14.aa43baaba7b82a330233.js",
        "/15.8c627b26e89331fe09d1.js",
        "/16.32b831b4962157c9baa8.js",
        "/17.06014bc7d51455b1395d.js",
        "/18.2228da5800858a1e801a.js",
        "/19.2cd7291456c8a141b5c2.js",
        "/2.af51ae376d11a0ed3f32.js",
        "/20.f12b108364ae33b67658.js",
        "/21.9d7b6eadfc79bc335d8e.js",
        "/22.ecef2f28e9edf90eee5d.js",
        "/23.145fccc1cc5dc31539d3.js",
        "/24.6e4ccae2166734458ecf.js",
        "/25.ce1ba43f4a5addd79176.js",
        "/26.12fd2600cc87808fd78e.js",
        "/27.66dfe516e3c78a139b5f.js",
        "/28.7fbe5fb0aa9e032eac14.js",
        "/29.e1d421c49c0020081063.js",
        "/3.9f797a7cb639611edeb8.js",
        "/30.e27ae92e959a62cf6fb3.js",
        "/31.27f95dc653d56f5ff1d7.js",
        "/32.5c87976de56a708b0200.js",
        "/33.159c36f197a28671b122.js",
        "/34.f2ddb62b9d0f1df2c10a.js",
        "/35.de1da1b99a152aba1a27.js",
        "/36.2e881ba4ee15eac01710.js",
        "/37.4b5752d1b8b502440fac.js",
        "/38.ab69a79e6275b048f67d.js",
        "/39.b873f7b0bbec67999ca6.js",
        "/4.5869d914dc42d770a3cb.js",
        "/40.482647ee903cb7a836d9.js",
        "/41.f16afcb76d2e34b7eed9.js",
        "/42.fde59cc586d38720996d.js",
        "/43.9b4c88490ea6ab45666d.js",
        "/44.c56ac77de25ae89f9e98.js",
        "/45.cd5afaed829a26f1d0dc.js",
        "/46.9fc2b575a7c761560d58.js",
        "/47.eadb2394f4d397a5cd7d.js",
        "/48.6818797ea9450c7bff90.js",
        "/49.aad1721f0628451d1623.js",
        "/5.b9c5208aa93c9d18294e.js",
        "/50.e00a49df7069933bfdd3.js",
        "/51.e78fdb3231c42c039200.js",
        "/52.e5023805d1767e876fdf.js",
        "/53.a146df661ec967dbab57.js",
        "/54.4313a3f6b5004afdec40.js",
        "/55.93c801b3c06ca9d40c1b.js",
        "/56.a6bf27c683e38e69508a.js",
        "/57.a37abc6c32d7a37d18a5.js",
        "/58.e854dd7adc58559d67aa.js",
        "/59.b696ae2df0c375c22935.js",
        "/6.81207eace06175ec211f.js",
        "/60.a0e200519a4616e3501c.js",
        "/61.cc53790721504d0bdaa7.js",
        "/62.ed78e83218438f3c6225.js",
        "/63.9199f830bd2c363d404e.js",
        "/64.d7bd136369e2d2a6d289.js",
        "/65.e79b4c3936e135128df4.js",
        "/66.6165a61d29c443a40ab7.js",
        "/67.28299b38abba823af045.js",
        "/68.94dd2406587b4a3c675b.js",
        "/69.cc8bd508e4eb947815c0.js",
        "/7.d625d4c862b1f32a39b7.js",
        "/70.6937f4fab5254c3f59d8.js",
        "/71.e7fab579961c627e84b2.js",
        "/72.f06830fef0e45ef84d50.js",
        "/73.50ba9ff3fe3fe464be9a.js",
        "/74.667bcc61bc4514567b6b.js",
        "/75.e47e3e859e12b8cbd7c7.js",
        "/76.9889108fdb3a49c0d730.js",
        "/77.49791d385c76ce2db9a4.js",
        "/78.ee128dc5a87739583ecc.js",
        "/79.14e0ab85845c1e37c974.js",
        "/8.26d4e828a783271d16d4.js",
        "/80.1f5ea0ed588cef00c330.js",
        "/81.a928a79f258c63c9febe.js",
        "/82.79afe8baee42d3dfc560.js",
        "/83.331f9fe27af1dc4d70fb.js",
        "/84.fdf405e73d151530d1d4.js",
        "/85.8b974cbfc05b798df080.js",
        "/86.857af3ae4fc9c9df089e.js",
        "/87.f9988c67ac4967a8aaf2.js",
        "/88.5e95299c8107a8878035.js",
        "/89.17b883e4f7a1d7348112.js",
        "/90.ad68467d2fd0b373147e.js",
        "/91.e6dd7b53d27a9bc87fa4.js",
        "/92.b7de4e5137a2458de972.js",
        "/93.f2f69289bee4150ffbf1.js",
        "/94.c546afcba4bd2a5da79c.js",
        "/95.5a79a86e0b926981ac20.js",
        "/96.e8a2b500fca8bfa4a92b.js",
        "/97.bda33cb905e25e6d509d.js",
        "/98.a0a96fb7274270fcb135.js",
        "/99.009e899fdbc0a94ba530.js",
        "/common.4ee73d5f5addcef0e8bb.js",
        "/es2015-polyfills.a699cb976ecc37abd79c.js",
        "/index.html",
        "/main.3b7091ff87ab27bc644f.js",
        "/polyfills.5574a41f0b926411fe2c.js",
        "/runtime.c0f26e21b4943be1afb2.js",
        "/styles.2fcc3a2c7ddede90a16b.css"
      ],
      "patterns": []
    },
    {
      "name": "assets",
      "installMode": "lazy",
      "updateMode": "prefetch",
      "urls": [
        "/assets/icon/favicon.png",
        "/assets/icons/icon-128x128.png",
        "/assets/icons/icon-144x144.png",
        "/assets/icons/icon-152x152.png",
        "/assets/icons/icon-192x192.png",
        "/assets/icons/icon-384x384.png",
        "/assets/icons/icon-512x512.png",
        "/assets/icons/icon-72x72.png",
        "/assets/icons/icon-96x96.png",
        "/assets/shapes.svg"
      ],
      "patterns": []
    }
  ],
  "dataGroups": [],
  "hashTable": {
    "/13.830598f875d1b05f7652.js": "9ab0728c1f1af796ca692fdcc7e789d626d6c9f1",
    "/14.aa43baaba7b82a330233.js": "5ac5f271106621d7255b9057f1339bf44968e3bb",
    "/15.8c627b26e89331fe09d1.js": "a3e4cf638f56c02b93a05758137fb17cbf6babd0",
    "/16.32b831b4962157c9baa8.js": "82d07810a8408793414311c87dbd99b2e53125d3",
    "/17.06014bc7d51455b1395d.js": "3cc25f40257cb49abf7ffe9e7e92f5e1af87ccd4",
    "/18.2228da5800858a1e801a.js": "3d6f84ea6a4e5dbb302014267a0771e96418b77f",
    "/19.2cd7291456c8a141b5c2.js": "8270d39f1e090407690265ad82864ebc00c31b1c",
    "/2.af51ae376d11a0ed3f32.js": "408e3f0986f1a100a317bb9e48c8a0318de99a5c",
    "/20.f12b108364ae33b67658.js": "0672faf23f6974381b71034c5c528cc60ae33ad8",
    "/21.9d7b6eadfc79bc335d8e.js": "629c02c8305714aa4895277d08a233160d1834f6",
    "/22.ecef2f28e9edf90eee5d.js": "2b2fe4128332d16a73badd707a49c9e459660fc6",
    "/23.145fccc1cc5dc31539d3.js": "18219f2cdb5e5ee5b400823bd98f0ea013a0564a",
    "/24.6e4ccae2166734458ecf.js": "fddde85f9c6fa9a28acb13826e3fb12c90bf041f",
    "/25.ce1ba43f4a5addd79176.js": "28fd161a20976b44de7a2d122a15bfca49aa6f2a",
    "/26.12fd2600cc87808fd78e.js": "906b30cefd02c30f528384c2c0696f2185d9e9cc",
    "/27.66dfe516e3c78a139b5f.js": "77d528d808388cec8eccd223f14d97cfaceae994",
    "/28.7fbe5fb0aa9e032eac14.js": "bb83b1734de0007d894153491ad9ccbd30a0d471",
    "/29.e1d421c49c0020081063.js": "a5854f9bb00206d0a01e37863c55b3a868d4ce33",
    "/3.9f797a7cb639611edeb8.js": "6761c7fbd507f49e7619f38c889195874bc9d79b",
    "/30.e27ae92e959a62cf6fb3.js": "35311af1a0f278247d805d7a0a2efe087f124fe2",
    "/31.27f95dc653d56f5ff1d7.js": "b0195639e6867b53ff402558e0c19fd5c8ef780b",
    "/32.5c87976de56a708b0200.js": "2901032b50ba9f6bc22e2521fc7475010a55456c",
    "/33.159c36f197a28671b122.js": "d6a8c2e1d7fc5a6635fc384911036f99da2b6b6a",
    "/34.f2ddb62b9d0f1df2c10a.js": "f3d153e3353c9963b82a0d060bc66b6404df898f",
    "/35.de1da1b99a152aba1a27.js": "5c774c13adb0f61e27c58bedf9aeb56bbc549576",
    "/36.2e881ba4ee15eac01710.js": "d19f202b8f9aa2f4f8209f070d8f4ce39dd265a2",
    "/37.4b5752d1b8b502440fac.js": "e2682a22503998299ac371a2279e426d5b645bae",
    "/38.ab69a79e6275b048f67d.js": "98a225eb677061ca466b312cf9554d4929d86d52",
    "/39.b873f7b0bbec67999ca6.js": "7d262d01cae59a5fe6278a26287a0a1ec21c3cae",
    "/4.5869d914dc42d770a3cb.js": "1fd6431f39d906a8e023b9d6b586bd67a4d32b37",
    "/40.482647ee903cb7a836d9.js": "134e4b6eb98fbe85bf594cd9b11d017e2ad7de88",
    "/41.f16afcb76d2e34b7eed9.js": "e93ecbf5ea20aa4c285a1bd703eb612a9d0e09ca",
    "/42.fde59cc586d38720996d.js": "db9e77132e19fcb2e2db0b00ef6e44470cc5ce49",
    "/43.9b4c88490ea6ab45666d.js": "37208056f79981f7cbc93e65c69de567bae94768",
    "/44.c56ac77de25ae89f9e98.js": "9969af0df18f120138bbe5a8f886240f8374d509",
    "/45.cd5afaed829a26f1d0dc.js": "9d789f4fc74b17b2468f92d830499edd4f9c370a",
    "/46.9fc2b575a7c761560d58.js": "61e2756fb89b9e21d2cbd61c8bcb9bcfef6bd537",
    "/47.eadb2394f4d397a5cd7d.js": "ac2acb96f474ce91cb6b2c34c5851cb0d2f1f057",
    "/48.6818797ea9450c7bff90.js": "daa717af746e85a9e45adb45b1696ae34e7877c2",
    "/49.aad1721f0628451d1623.js": "64bd6696ec81e6a6fca704fc3a600a63f6d6db29",
    "/5.b9c5208aa93c9d18294e.js": "6c0afd8003f189044d6108edea52be8fa6be3073",
    "/50.e00a49df7069933bfdd3.js": "6cda15b1e18f94465e3c3f624832301a20bfabce",
    "/51.e78fdb3231c42c039200.js": "8eea3119076db0b07f7c7ad3f97cf50038448908",
    "/52.e5023805d1767e876fdf.js": "4c1c6244edd910b90272ee538215f857816109a5",
    "/53.a146df661ec967dbab57.js": "86d689b567c29c7ec0112c626f8ea1bdaf8b29dc",
    "/54.4313a3f6b5004afdec40.js": "c8f2d6d9912bee5b2c2413bff938e3ef77e1da78",
    "/55.93c801b3c06ca9d40c1b.js": "f0270786567a6aae665687874273425ed12e1198",
    "/56.a6bf27c683e38e69508a.js": "ab09244169cff259f46cc70616f78a443954c2d6",
    "/57.a37abc6c32d7a37d18a5.js": "492f64e88323631817ce69511b5bc9fd89a1daa1",
    "/58.e854dd7adc58559d67aa.js": "d486106dcbbd66aa6401c5f212dd7511cdad0db0",
    "/59.b696ae2df0c375c22935.js": "761022d5291c7526c6450786ff966beeb8cf2e3e",
    "/6.81207eace06175ec211f.js": "309c1534dcc50115b343720752c626adec243550",
    "/60.a0e200519a4616e3501c.js": "07e5337b401a72c476fc129e08f6c20bc8bd9732",
    "/61.cc53790721504d0bdaa7.js": "f2670ff9da7d875bfc575daa1423d44a6380b8f5",
    "/62.ed78e83218438f3c6225.js": "c51c8e7b35dc950ed44d40e671bf38b865a95651",
    "/63.9199f830bd2c363d404e.js": "88a5e00036200f433e2d34c6a567186734d1e56f",
    "/64.d7bd136369e2d2a6d289.js": "97351808291194ddc8a4f4d65fdc377134c6fbaf",
    "/65.e79b4c3936e135128df4.js": "4606280b43661050002578adbefe9d393a3e8edf",
    "/66.6165a61d29c443a40ab7.js": "2a716767b81cbeff9e7234c13fcbb8ebd7b76b4a",
    "/67.28299b38abba823af045.js": "ea5257687685efd7287822751544ce99ce8a9fb5",
    "/68.94dd2406587b4a3c675b.js": "37b9e90f2f628867ca945eab4bcc6b02209b82ba",
    "/69.cc8bd508e4eb947815c0.js": "14d2cd43b3c11b4b9226ec9bdff231c139e0d508",
    "/7.d625d4c862b1f32a39b7.js": "1efedb4d87958dd1e29cf6bd68054af014052d6d",
    "/70.6937f4fab5254c3f59d8.js": "aad64f858bc56c679d15099d9230b51800fcee0d",
    "/71.e7fab579961c627e84b2.js": "cf7b5cd6134f4b114e76f251b31dbdbd6c6cbee4",
    "/72.f06830fef0e45ef84d50.js": "fbd078c220350bb96fd678f7c83206196fb5ef03",
    "/73.50ba9ff3fe3fe464be9a.js": "62df4a0034d16b115ea18b1672975687739ef86b",
    "/74.667bcc61bc4514567b6b.js": "0053339ca8ab1e3a07ba21e8ae58bc9229340e64",
    "/75.e47e3e859e12b8cbd7c7.js": "3e86cf4e77e942f6a863a3acb9e9ff91c809a34a",
    "/76.9889108fdb3a49c0d730.js": "0ce4c607ed2111b112af2a1448ffcb909cc011b5",
    "/77.49791d385c76ce2db9a4.js": "41b4871600027bc78e83e909cb434052b3011fcd",
    "/78.ee128dc5a87739583ecc.js": "71987c31d1a30df862f6d6f18b741e384b33e7e1",
    "/79.14e0ab85845c1e37c974.js": "67903bbe51c97f7169f0011df78e67c97c83053e",
    "/8.26d4e828a783271d16d4.js": "c1dfd9d109434fddfbea9df77ee886fb13a618d3",
    "/80.1f5ea0ed588cef00c330.js": "be8aa16350828e7332ccc2d13026d5124840c3ce",
    "/81.a928a79f258c63c9febe.js": "9dae445a25b2de4901519cabc695b9e507ee6b84",
    "/82.79afe8baee42d3dfc560.js": "2f8cca716aa926a956c4e767d83b13e2f8882096",
    "/83.331f9fe27af1dc4d70fb.js": "53b51f5c19540fc407d2dc18a0d7b4191b5ab644",
    "/84.fdf405e73d151530d1d4.js": "9791df4a1353fc1ab049b67a0801ed6baf2baab0",
    "/85.8b974cbfc05b798df080.js": "ecb1acbe00e90b2293878f7b6beb203a43c52e43",
    "/86.857af3ae4fc9c9df089e.js": "1394b2ad4892cde595e448b0670bc5d2b7ff3eb8",
    "/87.f9988c67ac4967a8aaf2.js": "b50f2dee64c1f4859d6e9fc59ec9edde2c1f6b5b",
    "/88.5e95299c8107a8878035.js": "897bbabfd699a37f2c35f67d8d04e2b5a98473ae",
    "/89.17b883e4f7a1d7348112.js": "fcd17b57f99c3190a6e30c04483d3558cdfb4070",
    "/90.ad68467d2fd0b373147e.js": "9f4411b594c39d7c65f0af77a0c13c9cfd691955",
    "/91.e6dd7b53d27a9bc87fa4.js": "078316cca27657a8d964542dc6d34758dcee34da",
    "/92.b7de4e5137a2458de972.js": "528497c30e2548c31903d07d38b093468c1af4f1",
    "/93.f2f69289bee4150ffbf1.js": "acd37bf58c983b41a768ad8d7595f3303df28876",
    "/94.c546afcba4bd2a5da79c.js": "930ff6b0a7080bb65c40653cdadf9c5859f637ce",
    "/95.5a79a86e0b926981ac20.js": "b39347f75a407fa0a0b634b3488b01c217efea46",
    "/96.e8a2b500fca8bfa4a92b.js": "15a2e680a04c9f373144e1045de006178b7cfb21",
    "/97.bda33cb905e25e6d509d.js": "5837ca4ea227ef57813bbedac05d3da55595f788",
    "/98.a0a96fb7274270fcb135.js": "82bde6a15df77652349416bff53a91b250320f56",
    "/99.009e899fdbc0a94ba530.js": "9fd820fb0e5b4d8fafc754e1086f2378309894db",
    "/assets/icon/favicon.png": "7798b8e0eb61d7375c245af78bbf5c916932bf13",
    "/assets/icons/icon-128x128.png": "dae3b6ed49bdaf4327b92531d4b5b4a5d30c7532",
    "/assets/icons/icon-144x144.png": "b0bd89982e08f9bd2b642928f5391915b74799a7",
    "/assets/icons/icon-152x152.png": "7479a9477815dfd9668d60f8b3b2fba709b91310",
    "/assets/icons/icon-192x192.png": "1abd80d431a237a853ce38147d8c63752f10933b",
    "/assets/icons/icon-384x384.png": "329749cd6393768d3131ed6304c136b1ca05f2fd",
    "/assets/icons/icon-512x512.png": "559d9c4318b45a1f2b10596bbb4c960fe521dbcc",
    "/assets/icons/icon-72x72.png": "c457e56089a36952cd67156f9996bc4ce54a5ed9",
    "/assets/icons/icon-96x96.png": "3914125a4b445bf111c5627875fc190f560daa41",
    "/assets/shapes.svg": "5413e95adabcb2cb639970051f55e0ddb64ace53",
    "/common.4ee73d5f5addcef0e8bb.js": "42cd1a0bdf793144ed051b8a3d6c96ce5d172b23",
    "/es2015-polyfills.a699cb976ecc37abd79c.js": "72d5c99ded2825cf69eb68b3f955adf3eec57b3c",
    "/index.html": "71967ba8478b35ba6a110e15b708ed0ea27d36b2",
    "/main.3b7091ff87ab27bc644f.js": "44f01df969927f166eb5fcf37b305fe55f5e59b1",
    "/polyfills.5574a41f0b926411fe2c.js": "61be04f69e2cf74cef409fe6b5ee72418a61c821",
    "/runtime.c0f26e21b4943be1afb2.js": "b6d8e1ffad5e2b22e7e895a0858a31c275ec593d",
    "/styles.2fcc3a2c7ddede90a16b.css": "26e149a356ca04ab2651a6f26505d336c0c14063"
  },
  "navigationUrls": [
    {
      "positive": true,
      "regex": "^\\/.*$"
    },
    {
      "positive": false,
      "regex": "^\\/(?:.+\\/)?[^/]*\\.[^/]*$"
    },
    {
      "positive": false,
      "regex": "^\\/(?:.+\\/)?[^/]*__[^/]*$"
    },
    {
      "positive": false,
      "regex": "^\\/(?:.+\\/)?[^/]*__[^/]*\\/.*$"
    }
  ]
}